-2.09141,57.20111,"Aberdeen Bridge of Don","+441224822079 Unit 1.  Bridge of Don Retail Pk. 1 Denmore Rd.  Bridge of Don. Aberdeen. AB23 8JW"
-1.30534,51.6742,"Abingdon","+441235550022 11 Nuffield Way. Abingdon. OX14 1RL."
-2.35481,53.39804,"Altrincham","+441619268185 Atlantic St Retail Pk. Broadheath. Altrincham. WA14 5BW"
-1.13785,52.99502,"Arnold, 8-10 Mansfield Rd","+441159263456 "
-2.12462,53.47707,"Aston under Lyne","+441613710082 Snipe Retail Pk. Manchester Rd. Ashton-under-Lyne. OL7 0DN"
-0.80731,51.81847,"Aylesbury","+441296338753 The Vale Hundreds Retail Pk. Vale Pk Dr. Aylesbury. HP20 1EA"
0.43799,51.29878,"Aylesford Larkfield","+441732870470 London Road, Larkfield, Aylesford ME20 6NY"
-4.60107,55.4776,"Ayr","+441292886644 Sanquhar Farm Rd, Heathfield, Ayr, KA8 9TB."
-1.33747,52.06838,"Banbury","+441295273372 Marley Way Ind Est. Southam Rd. Banbury. OX16 2RL"
-1.43925,53.54186,"Stairfoot, Stairfoot BP","+441226786700 Beachcroft Way"
-4.06258,51.07501,"Barnstaple, Barnstaple Ret Pk","+441271379040 "
-1.10599,51.25309,"Basingstoke","+441256460876 Lister Rd. Basingstoke. RG22 4LA"
0.07135,51.52172,"Beckton, Gateway Ret Pk","+442087091100 "
0.15444,51.49161,"Belvedere","+442083115010 Station Rd. Off Lower Rd. Belevdere. DA17 6DF"
-1.67971,54.65738,"Bishop Auckland","+441388662120 Bob Hardisty Dr. Newgate Pk. Bishop Auckland. DL14 7TW"
-4.20824,55.92069,"Bishopbriggs","+441417621600 Strathkelvin Retail Pk, Kirkintilloch Rd, Low Moss, Bishopbriggs, G64 2TS."
-2.48412,53.74067,"Blackburn, Nova Scotia Ret Pk","+441254678100 Car Park Access"
-3.02989,53.8372,"Blackpool, Holyoake Ave","+441253594234 Car Park Access"
-0.72757,52.00359,"Bletchley","+441908648511 144 Watling St. Bletchley. Milton Keynes. MK1 1YY"
-0.06306,52.9706,"Boston, New Hammond Beck Rd","+441205355877 "
-1.84067,50.75214,"Bournemouth, Castlepoint","+441202859899 "
-1.73921,53.7573,"Bradford, Euroway Trad Est","+441274688327 "
0.57398,51.86873,"Braintree","+441376347313 Unit 9. Chapel Hill Retail Pk. Charter Way. Braintree. CM77 8YJ"
-3.53755,51.49969,"Bridgend","+441656768611 The Royal London Pk. Waterton. Bridgend. CF31 3TN"
-0.20333,54.08302,"Bridlington, Hilderthorpe Rd","+441262400061 Bessingby Rd. Bridlington. YO15 3PE"
-2.20765,53.43386,"Burnage","+441612572839 Kingsway. Burnage. Manchester. M19 1BB"
-2.31065,53.59552,"Bury, Croston's Ret Pk","+441617631012 "
-2.26993,53.59308,"Bury, Bridgehall IP","+441617648844 Bridgehall Ln"
-1.5716,54.97733,"Byker","+441912766496 Fossway. Byker. Newcastle-upon-Tyne, NE6 4QB"
-3.21343,51.58993,"Caerphilly, Crossways","+442920850110 Car Park Access"
-5.27583,50.22556,"Redruth, Trevenson Rd","+441209720089 "
0.14898,52.21143,"Cambridge","+441223323432 400 Newmarket Rd. Cambridge. CB5 8JH"
-2.03541,52.67462,"Cannock","+441543468839 Wyrley Brook Retail Pk. Vine Ln. Bridgetown. Cannock. WS11 0XF"
1.09888,51.28857,"Canterbury","+441227865500 Sturry Rd. Canterbury. CT1 1FX"
-2.91654,54.88411,"Carlisle, London Rd Ret Pk",""
-4.31689,51.8516,"Carmarthen","+441267220420 Old Towy Sawmills. Glanyrafon Rd. Carmarthen. SA31 3AS"
-2.23625,53.49847,"Manchester, The Fort Ret Pk","+441618324200 "
0.50646,51.74662,"Chelmsford: access","+441245235300 Homelands Retail Pk, Cuton Hall Ln, Springfield, Chelmsford, CM2 5PX"
-2.12975,51.89186,"Cheltenham","+441242541900 Grovefield Way, Golden Valley, Cheltenham, GL51 6SY."
-0.02939,51.60886,"Chingford, Deacon Ind Est","+442085230333 "
-2.13652,51.44973,"Chippenham","+441249651144 Bath Rd. Chippenham. SN14 0AT"
-2.62837,53.66199,"Chorley, Highfield IE","+441257260361 North St"
-4.01471,55.85394,"Coatbridge","+441236449876 Tennent St. Coatbridge. ML5 4AN"
-1.52837,52.41128,"Coventry","+442476601600 Alvis Retail Pk. Holyhead Rd. Coventry. CV5 8BW"
-6.39959,54.4508,"Craigavon","+442838327111 Marlborough Retail Pk, Highfield Rd, Craigavon, BT64 3AD."
-0.18861,51.12134,"Crawley, London Rd","+441293611651 "
-2.4288,53.08937,"Crewe","+441270214911 Weston Rd. Crewe. CW1 6BA"
-2.60403,51.52885,"Cribbs Causeway","+441179506366 Cribbs Causeway.  Lysander Rd. BRISTOL. BS10 7TX.  01179 506366"
-0.21475,51.55832,"Cricklewood","+442084383200 Unit 1, Broadway Retail Pk, Cricklewood Ln, Cricklewood, LONDON, NW2 1ES."
-3.26634,51.46785,"Culverhouse Cross","+442920675000 499 Cowbridge Rd W, Culverhouse Cross, Caerau, Cardiff, CF5 5TG."
-3.02759,51.65292,"Cwmbran","+441633877323 Unit 1, Lockgate Retail Pk, Cwmbran Dr, Cwmbran, NP44 3JQ."
-1.55372,54.53667,"Darlington","+441325480812 Whessoe Rd. Darlington. DL3 0QW"
-4.34048,55.80181,"Darnley, 21 Leggatston Rd","+441416212244 "
0.21513,51.4482,"Dartford","+441322228383 Prospect Pl Retail Pk. Westgate Rd. Dartford. DA1 1DY"
-1.38969,53.50613,"Dearne Valley","+441226270024 Unit A, Corton Wood Retail Pk, Brampton, Wath upon Dearne, Barnsley, S73 0TB."
-1.63012,53.68864,"Dewsbury, Wilton St","+441924457435 "
1.30821,51.15128,"Whitfield, Honeywood Park Ind Est","+441304873500 "
-1.36395,50.97644,"Eastleigh, Shakespeare Rd","+442380620212 "
-1.316,53.01783,"Eastwood","+441773532911 Derby Rd. Eastwood. Nottingham. NG16 3NZ"
-3.17029,55.96393,"Edinburgh Easter Road","+441315541464 240 Easter Rd. Edinburgh. EH6 8LD"
-3.19549,55.96658,"Edinburgh Powderhall","+441315571300 13 Warriston Rd. Powderhall. Edinburgh. EH7 4HL"
-2.89309,53.28498,"Ellesmere Port","+441513571414 Station Rd. Ellesmere Port. CH65 4FT"
-0.05821,51.65138,"Enfield, 1 Dearsley Rd","+442083624700 Car Park Access"
-1.80079,52.51156,"Erdington","+441213774100 Dunlop Way. Off Chester Rd. Castle Vale. Erdington. Birmingham. B35 7RD.  01213 774100"
-2.19044,53.02769,"Etruria","+441782203200 Festival Pk. Cobridge Rd. Hanley. ST1 5SF"
-3.53633,50.71365,"Exeter, Alphington Rd Ret Pk","+441392412204 "
-3.37597,50.23124,"Exmouth","+441395278341 Liverton Retail Pk. Salterton Rd. Exmouth. EX8 2NR"
-0.76144,51.29075,"Farnborough","+441252379600 Invincible Rd. Farnborough. GU14 7SS"
-2.55071,51.50666,"Filton","+441173172600 Foxden Rd. Stoke Gifford. BS34 8SP"
-2.81466,55.62117,"Galashiels","+441896754044 Low Buckholmside. Wilder Haugh. Galashiels. TD1 1PD.  01896 754044"
-2.72938,51.14245,"Glastonbury, Adlam Central Park","+441458834248 "
-2.24371,51.87598,"Gloucester","+441452313900 St Oswalds Pk, Gloucester, GL1 2SG."
-4.01683,51.66767,"Gorseinon","+441792897337 Gorseinon Rd, Garngoch, Gorseinon, Swansea, SA4 9GE."
-0.63856,52.90562,"Grantham","+441476591112 Grantham Retail Pk, London Rd, Grantham, NG31 6EN."
1.71785,52.59922,"Great Yarmouth","+441493440611 Yarmouth Buss Pk, Thamesfield Way, Pasteur Rd, Gt Yarmouth, NR31 0DH."
-0.07933,53.56324,"Grimsby, Peakes Parkway","+441472359694 Car Park Access"
-0.5787,51.24887,"Guildford","+441483304881 Ladymeade Retail Ctr, Ladymeade, Woodbridge Rd, Guildford, GU1 1AJ."
-1.20985,54.66735,"Hartlepool","+441429272229 Tees Bay Retail Pk. Brenda Rd. Hartlepool. TS25 1XH"
-1.01581,50.86502,"Havant, Purbrook Way","+442392489700 "
-0.47311,51.74368,"Hemel Hempstead","+441442216644 Two Waters Rd. Hemel Hempstead. HP3 9BX"
-1.36871,52.54294,"Hinckley","+441455250000 25 New Buildings. Off Leicester Rd. Hinckley. LE10 1HN"
-1.76649,53.65804,"Huddersfield, Leeds Rd Ret Pk","+441484411700 Car Park Access"
-0.32896,53.76783,"Hull, Ferry Ln","+441482371600 "
-0.37819,53.72611,"Hull, St Andrews Quay","+441482620664 Car Park Access"
-2.08367,53.45306,"Hyde","+441613679095 Manchester Rd. Hyde. SK14 2BD"
0.0822,51.57435,"Ilford","+442085546653 2 Springfield Dr, Ilford, IG2 6QG."
1.20625,52.03242,"Ipswich Euro","+441473237400 The Sandlings. Euro Retail Pk. Off Ransomes Way. Warren Heath. Ipswich. IP3 9QG"
-1.29854,50.70845,"Newport IoW, Dodnor Ln","+441983532290 "
-1.89642,53.87441,"Keighley, Alston Rd","+441535611057 "
-0.73035,52.39842,"Kettering","+441536482431 Meadow Rd. Kettering. NN16 8TL"
-2.24697,52.38185,"Kidderminster","+441562825045 Green St. Kidderminster. DY10 1AX"
-1.47838,53.80594,"Leeds, Killingbeck Ret Pk","+441132494554 "
-4.49055,55.60116,"Kilmarnock","+441563570222 8 Queens Drive. Kilmarnock. KA1 3XB"
-3.16145,56.09778,"Kirkcaldy","+441592267208 439 Esplanade W. Kirkcaldy. KY1 1SL."
-2.52244,53.50349,"Leigh","+441942608521 Kirkhall Lane. Leigh. WN7 1RD"
-3.81843,53.32049,"Llandudno, Charlotte Rd","+441492878181 "
-7.32499,55.0218,"Londonderry","+442871271600 Buncrana Rd, Springtown, Londonderry, BT48 8BF."
1.73423,52.47832,"Lowestoft","+441502526000 20 North Quay Retail Pk, 7 Peto Way, Lowestoft, NR32 2ED."
-0.45603,51.88624,"Luton Dallow Road","+441582402300 Laporte Retail Pk. Dallow Rd. Luton. LU1 1NH"
0.51741,51.27036,"Maidstone","+441622672488 Baker Rd. Maidstone. ME16 8DW"
1.3913,51.36899,"Margate","+441843298833 Enterprise Road, Westwood Ind. Est. Ramsgate Rd. Margate."
-3.39105,51.74907,"Merthyr Tydfil","+441685376955 Cyfarthyr Retail Pk. Swansea Rd. Merthyr Tydfil. CF48 1HY"
-0.77793,52.0408,"Milton Keynes","+441908698400 Patriot Dr. Rooksley. Milton Keynes. MK13 8PU"
-3.99708,55.80055,"Motherwell","+441698269124 Braidhurst Ind. Est. Bellshill Rd. Motherwell. ML1 3ST"
-2.57641,51.4817,"Muller Road","+441179510722 Muller Rd. Horfield. Bristol. BS7 9NU"
-3.80338,51.66599,"Neath","+441639635001 Riverside Dr. Neath. SA11 1RX"
-0.2475,51.39803,"New Malden","+442083362046 Burlington Rd. New Malden. KT3 4PA"
-1.30663,51.4035,"Newbury","+441635528515 London Rd. Newbury. RG14 2BP"
0.05955,50.79593,"Newhaven, The Drove","+441273515818 "
-3.00438,51.5687,"Newport","+441633213241 Maesglas Ind Est. Newport. NP20 2XB"
-3.60609,50.53572,"Newton Abbot, Jetty Marsh Rd","+441626356171 "
-5.92819,54.652,"Newtownabbey","+442890369102 Abbey Retail Pk, Church Rd, Newtownabbey, BT36 7GU."
-1.44248,54.34669,"Northallerton","+441609773161 Yafforth Rd. Northallerton. DL6 2XG"
-0.90309,52.23101,"Northampton, Nene Valley Ret Pk","+441604823100 "
1.27003,52.65652,"Norwich","+441603269000 Boundary Rd. Hellesdon. Norwich. NR6 5JS"
-1.16569,52.9328,"Nottingham","+441159682100 Riverside Retail Pk. Queens Dr. Wilford. Nottingham. NG2 1RU"
-4.41737,55.86142,"Paisley","+441418895500 Abbotsinch Retail Pk, 1 Washington Rd, Off Renfrew Rd, Paisley, PA3 4EP."
-4.21223,55.856,"Parkhead","+441415505300 Forge Retail Pk. Millerston St. Parkhead. G31 4BG"
-2.74628,54.65671,"Penrith","+441768890777 Bridge Lane. Penrith. CA11 8JB"
-5.12463,50.16445,"Penryn, Kernick Rd",""
-5.51507,50.12956,"Penzance, Heliport RP","+441736350450 "
-1.78904,57.47011,"Peterhead","+441779822100 Buchan Way. Peterhead. AB42 3AP."
-4.12597,50.41604,"Plymouth, Crownhill Ret Pk","+441752702444 "
-4.08108,50.39331,"Plympton, Plymouth Rd","+441752346462 "
-3.33254,51.60275,"Pontypridd","+441443480851 Ynysangharad Rd. Pontypridd. CF37 4DA"
-1.98923,50.73552,"Poole, Willis Way","+441202689300 "
-1.06741,50.79603,"Southsea, Pompey Centre","+442392890100 "
-2.7034,53.76812,"Preston, Brookfield St","+441772258232 Car Park Access"
-2.66981,53.72016,"Bamber Bridge, Craven Dr","+441772628322 "
-1.93587,52.30112,"Redditch, Jinnah Rd","+441527591306 "
0.21946,51.59553,"Romford","+441708336600 Tangent Link, Harold Hill, Romford, RM3 8GZ."
-0.41633,54.26139,"Scarborough, Seamer Rd","+441723500477 "
-1.69591,54.97186,"Scotswood","+441912743344 Scotswood Rd. Scotswood. Newcastle Upon Tyne. NE15 6UU"
-1.94115,52.4428,"Selly Oak","+441214141710 Battery Park, 1 Chapel Ln, Harborne Ln, Selly Oak, Birmingham, B29 6TL"
-1.49507,53.40296,"Sheffield Penistone Road","+441142336330 701 Penistone Rd. Sheffield. S6 2GF"
-0.26401,50.83306,"Shoreham, Brighton Rd","+441273463423 "
0.1115,51.41397,"Sidcup","+442083081844 Crittalls Corner, Sidcup Bypass, Sidcup DA14 6LX"
-1.43741,54.99401,"South Shields","+441914566218 Millbank Ind Est, Secretan Way, South Shields, NE33 1RB."
-1.30759,50.92128,"Hedge End, Charles Watts Way","+441489779100 "
-1.47618,50.93463,"Totton, Nursling IE","+442380747100 Franconia Dr"
-2.96817,53.63368,"Southport, Meols Cop Ret Pk","+441704500085 Car Park Access"
-2.87972,53.35081,"Speke","+441514274488 New Mersey Retail Pk. 12 Speke Rd. Speke. Liverpool. L24 8QB"
-4.79362,50.33361,"St Austell, Pentewan Rd",""
-0.28743,51.59348,"Stanmore","+442082048181 Honeypot Ln. Stanmore. Harrow. HA7 1QL"
-4.73767,55.64635,"Stevenston, Hawkhill Ret Pk","+441294471909 Car Park Access"
-2.1704,53.4123,"Stockport","+441614294000 Georges Rd. Heaton Norris. Stockport. SK4 1DR"
-1.28241,54.57534,"Stockton-on-Tees","+441642667800 Cheltenham Rd. Portrack Ln. Stockton-on-Tees. TS18 2SA"
-2.09151,52.97312,"Stoke-on-Trent Meir Park","+441782323616 Meir Pk. Whittle Rd. Stoke-on-Trent. ST3 7TU"
-2.2887,53.45503,"Stretford","+441618658435 Great Stone Rd. Stretford. Manchester. M32 0YP"
0.49485,51.39387,"Strood","+441634712801 Unit C, Strood Retail Pk, Commercial Rd, Strood, Rochester, ME2 2AB."
-1.36319,54.87838,"Sunderland","+441915211898 Leechmere E Ind. Est. Ryhope Rd. Sunderland. SR2 9TH"
-1.39443,54.91038,"Sunderland Trimdon","+441915671444 Trimdon St, Deptford, Sunderland, SR4 6DW."
-3.92939,51.6435,"Swansea Morfa","+441792659600 Morfa Retail & Leisure Pk, Landore, Swansea, SA1 7DF."
-2.33731,53.5138,"Swinton","+441617948411 Wilfred St. Swinton. Manchester. M27 6LN"
-1.67674,52.60733,"Tamworth","+441827281888 Unit 3-8 Tame Valley Ind. Est. Ninian Way. Wilnecote. Tamworth. B77 5DQ"
0.28255,51.19679,"Tonbridge","+441732770441 Cannon Ln. Tonbridge. TN9 1PN"
-3.54819,50.48112,"Torquay, Woodland Rd","+441803614500 "
-0.06322,51.58735,"Tottenham, Tottenham Hale Ret Pk","+442083651699 "
-2.20785,51.3031,"Trowbridge","+441225777891 171 Bradley Rd. Trowbridge. BA14 0RQ"
-1.503,53.67773,"Wakefield, Cathedral Ret Pk","+441924377988 Car Park Access"
-3.07258,53.41197,"Wallasey","+441516370123 Bidston Link Rd. Wallasey. CH44 2HE"
-0.03013,51.56922,"Waltham Forest","+442085584817 18 Heybridge Way, Lea Bridge Rd, Leyton,LONDON, E10 7PQ."
-0.19059,51.46163,"Wandsworth","+442088758000 Smugglers Way, Wandsworth, London, SW18 1EG"
-2.60046,53.4242,"Warrington","+441925245522 Delph Lane. Newton Rd. Winwick. Warrington. WA2 8RD"
-2.60665,53.38926,"Warrington Milner Street","+441925571747 Milner St, Warrington, WA5 1AD."
-1.99377,52.5193,"West Bromwich","+441215251090 New St. West Bromwich Ringway W. West Bromwich. B70 7PN."
-0.1044,51.43525,"West Norwood","+442087611236 304-322 Norwood Rd. West Norwood. London. SE27 9AF"
0.28217,51.48099,"West Thurrock","+441708682700 Heron Way, Lakeside Retail Pk, West Thurrock, Grays, RM20 3WJ."
-2.45655,50.61606,"Weymouth, Jubilee Ret Pk","+441305768400 "
-0.17523,51.62836,"Whetstone","+442084453696 1201 High Rd. Whetstone. N20 0PD"
1.06147,51.35772,"Whitstable","+441227793663 Thamet Way. Chesterfield. Whitstable. CT5 3QS"
-2.72477,53.36384,"Widnes","+441514951668 Ashley Retail Pk. Lugsdale Rd. Widnes. WA8 7YT"
-2.64884,53.54341,"Wigan, Frith Rd","+441942821567 Car Park Access"
-0.20219,51.42479,"Wimbledon","+442088793322 Alexandra Rd. Wimbledon. London. SW19 7JY"
-3.56369,54.64224,"Workington","+441900873477 Derwent Dr. Derwent Howe Retail Pk. Derwent. Workington. CA14 3YW"
-1.12718,53.31217,"Worksop","+441909500630 Sandy Ln Retail Pk, Babbage Way, Off Gateford Rd, Worksop, S80 1UQ."
-0.36489,50.83544,"Worthing, Lyons Way","+441903821104 "
-3.01082,53.05297,"Wrexham, Berse Rd RP","+441978362777 "
-2.42112,51.54143,"Yate","+441454311074 Station Rd. Yate. BS37 5PQ"
-2.65199,50.93464,"Yeovil, Lysander Rd","+441935429147 "
-1.02559,53.95505,"York, Hull Rd","+441904717700 "
-1.10738,53.99072,"York, Clifton Moor","+441904693030 Car access"
-2.92689,56.4763,"Dundee East Kingsway","+441382500950 Milton of Craigie Road, East Kingsway, Dundee DD4 7XE"
-3.12925,51.53624,"Cardiff Dering","+442920730400 7 Dering Rd, Cardiff Gate Retail Pk, Pontprennau. Cardiff CF23 8NL"
-1.2554,50.86417,"Fareham, 158 Southampton Rd","+441489582855 "
-1.50351,55.00903,"North Shields","+441912950022 Middle Engine Ln, Wallsend, Tyne-and-Wear NE28 9NT"
-3.06365,51.023,"Taunton, Heron Gate","+441823444429 "
-2.72191,52.071,"Hereford","+441432357447 Salmon Retail Pk, Holmer Rd, Hereford, HR4 9SB."
-1.20883,52.78022,"Loughborough",""
-2.12477,57.12134,"Aberdeen","+441224326262 Garthdee, Aberdeen AB10 7AY"
-3.91148,56.11281,"Stirling","+441786449559 Units 1-3. Springkerse Retail Park, Murton Rd"
-2.91749,53.19549,"Chester","+441244380228 Sealand Road"
-2.42749,53.58638,"Bolton, Bolton Gate Ret Pk","+441204365676 "
-1.54472,54.91061,"Washington","+441914157029 Access Rd. Arnstrong Ind. Estate"
-1.81707,52.39916,"Solihull","+441217457799 Chalford Way, Shirley"
-1.71298,52.20167,"Stratford upon Avon","+441789415446 Unit A, The Maybird Centre, Birmingham Road"
-1.5814,53.77359,"Leeds, Junction One Ret Pk","+441133858100 Car Park Access"
-1.33511,53.7089,"Glasshoughton, Aspen Way","+441977667800 Car Park Access"
-0.39915,51.87379,"Gipsy Lane","+441582728821 Luton"
-1.68608,54.9556,"Gateshead","+441914888144 Sands Ind. Estate, Hexham Road, Swalwell, Gateshead NE16 3AA"
-2.98567,53.7903,"Blackpool, Whitehills Ret Pk","Preston New Rd"
-2.49145,53.26468,"Northwich","+441606352312 Northwich Retail Park, Manchester Road, Northwich CW9 5LY"
-2.08608,52.55993,"Wolverhampton","+441902407300 Access Rd. Spring Vale Business Park, Coseley, Wolverhampton WV14 0QL"
0.01383,51.49029,"Greenwich","+4408702435231 "
-5.85451,54.62782,"Hollywood Exchange",""
-1.46333,53.37018,"Sheffield","+441142780303 Queens Road, Sheffield S2 4DR"
0.36215,51.44482,"Gravesend","+441474536534 Clifton Marine Parade, Gravesend DA11 0DY"
-3.00083,56.47958,"Dundee Warehouse","+441382834700 25 Kings Cross Road, Dundee"
-1.0665,52.96127,"Nottingham East, Netherfield","+441159874833 Victoria Retail Park, Netherfield, Nottingham"
-2.95073,53.48313,"Aintree","+441515241001 Racecourse Retail Pk, 1 Ormskirk Rd, Aintree L9 5AN"
-0.33369,51.31252,"Leatherhead","+441372373793 Access Rd."
-0.06666,51.48373,"Peckham","+442072520657 524 Old Kent Rd, Peckham, London SE1 5EW"
-6.67161,55.11882,"Coleraine","+442870356699 11 Castleroe Road, Riverside Retail Pk, Coleraine BT51 3QQ"
-1.18636,53.15741,"Mansfield Woodhouse","+441623651252 Old Mill Ln Ind Est, Mansfield Woodhouse NG19 9BG"
-1.19588,53.13671,"Mansfield Baums Lane","+441623620171 Baums Lane, Mansfield NG18 2RA"
-1.23593,53.1323,"Sutton in Ashfield","+441623442244 Ashfield Gateway, Mansfield Rd, Sutton-in-Ashfield NG17 4HW"
-2.03793,52.45683,"Halesowen","+441215049100 Mucklow Hill, Halesowen, Dudley B62 8EP"
-0.55422,53.22558,"Lincoln","+441522510009 Bevvor St, Off Trinton Rd, Lincoln LN6 7DJ"
-2.80191,54.0439,"Lancaster, Aldcliffe Rd","+441524388366 Aldcliffe Road, Lancaster LA1 1AZ"
0.18969,51.56672,"Romford Roneo Corner","+441708682700 Roneo Corner, Hornchurch Rd, Hornchurch RM11 1PY"
-0.63604,51.52097,"Slough","+441753505700 Bath Road Retail Park, 280 Bath Road, Slough SL1 4DX"
1.11843,52.08579,"Ipswich, Anglia Retail Park","+441473242800 16 Anglia Parkway S, Anglia Retail Pk, Bury Rd, Ipswich, IP1 5QP."
-5.96295,54.57732,"Belfast Boucher Road","+442890386900 Boucher Road, Belfast BT12 6HR"
-1.81315,52.48862,"Stechford","+441217897227 1 Station Rd. Stechford. Birmingham. B33 9AX"
-2.92295,53.40868,"Liverpool Edge Lane","+441512542044 Unit 5, Montrose Way, Edge Ln Retail Pk, Liverpool, L13 1EW."
-2.01247,52.56782,"Wednesbury","+441215682700 Axletree Way, Park Lane, Wednesbury WS10 9QY"
-4.16762,55.78081,"East Kilbride","+441355590054 Kingsgate Interchange, Mavor Ave, East Kilbride G74 4QX"
-2.73487,53.44577,"St Helens","+441744454220 Unit 1 Milverny Way, Ravenhead Retail Pk, St Helens WA9 1JF"
0.72701,51.55664,"Southend",""
-0.29112,52.20947,"St Neots (PE19 8JJ)","+441480212500 2 Alpha Drive, Eaton Socon, St Neots"
-3.96375,55.97154,"Castlecary, Cumbernauld","+441236457100 Westway Retail Park, Castlecary Rd, Cumbernauld, North Lanarkshire G68 0DA"
-3.02938,53.20875,"Queensferry","+441244836888 Deeside Retail Pk, Chester Rd E, Deeside CH5 1SA"
-1.50144,54.51943,"Darlington Morton: access","+441325480180 Morton Park, Morton Park Way, Darlington DL1 4PJ"
-2.35021,53.47192,"Trafford Park","+441617468443 Redclyffe Road, Trafford Park, Manchester M41 7LG"
-2.45301,52.68029,"Telford, Telford Bridge Ret Pk","+441952230070 "
-2.13018,53.55328,"Oldham, Westhulme Way","+441616260066 "
0.17219,52.64982,"Wisbech, Elm High Rd","+441945589881 "
-0.71407,51.61746,"High Wycombe: access","+441494463400 London Road, High Wycombe HP11 1EZ"
-1.9388,52.07817,"Cheltenham",""
-0.19275,51.80045,"Welwyn Garden City","+441707371543 "
1.16951,51.0955,"Folkestone, Park Farm Rd","+441303226008 "
-2.16525,53.60154,"Rochdale, Sandbrook Park","+441706641132 Car Access"
-0.26003,52.59432,"Peterborough","+441733891166 Maskew Avenue, Peterborough PE1 2HS"
-1.11847,53.49872,"Doncaster","+441302554300 Catesby Business Park, White Rose Way, Doncaster DN4 8DG"
0.8717,51.13637,"Ashford, Norman Rd","+441233625001 Access Rd"
0.06233,51.44535,"Eltham","+442088504411 Foots Cray Road, Eltham, London, SE9 2TD"
-1.40891,53.38986,"Sheffield Darnall","+441142446883 Prince Of Wales Rd, Darnall, Sheffield"
-0.01076,51.55501,"Leyton","+442089881010 1 Leyton Mills, Marshall Rd, Leyton, London, E10 5NH"
-3.00439,51.12526,"Bridgwater, Broadway","+441278446655 "
-0.2019,51.89491,"Stevenage","+441438745600 "
-3.46466,50.72645,"Exeter, Avocet Way","+441392261700 "
-1.43419,52.39576,"Coventry Brandon","+442476608100 Brandon Road, Binley Woods, Coventry, CV3 2JD"
-0.12329,50.84017,"Brighton, Pavillion Ret Pk","+441273679926 Lewes Rd"
-3.47964,56.40656,"Perth",""
0.28427,50.79492,"Eastbourne, Hampden Ret Pk","+441323509466 Car Access"
-0.38733,51.64854,"Watford","+441923693450 Arches Retail Park, Lower High St, Watford, WD17 2JJ"
-1.87188,53.72935,"Halifax, Victoria Ret Pk","+441422397800 "
-3.19671,51.46547,"Cardiff","+442920395936 Hadfield Road, Cardiff, CF11 8AQ"
-1.47391,52.89484,"Derby Osmaston, Park Road","+441332775077 "
-3.46967,53.30378,"Rhyl","+441745342422 Unit 1 Clwyd Retail Park, Rhyl Road, Rhuddlan, Rhyl LL18 2TJ"
-1.76783,50.73782,"Christchurch, Stoney Ln Ret Pk","+441202476748 "
-1.77887,51.06182,"Salisbury, Southampton Rd","+441722332299 "
-1.80766,51.56811,"Swindon",""
-0.66589,50.79937,"Bognor Regis, Arun Ret Pk","+441243867111 "
-0.98019,51.42248,"Reading","+441189230000 Reading Gate Retail Pk, Acre Rd, Reading, RG2 0QG"
0.50272,50.84503,"Bexhill, Ravenside Ret Pk","+441424730977 "
0.70487,52.24716,"Bury Saint Edmunds","+441284706316 43-45 Risbygate St. Bury St. Edmonds. IP33 3AA"
1.14688,51.81133,"Clacton","+441255426516 Brook Retail Park"
-2.12764,53.25579,"Macclesfield, Statham St","+441625616729 Statham St. Macclesfield. SK11 6XF"
-1.70901,53.80118,"Thornbury, Leeds Old Rd","+441274668309 "
-2.20265,53.35715,"Handforth","+441614858807 Unit 5 Stanley Gn Retail Pk, Earl Rd, Handforth, Cheadle SK8 6PT"
-4.22054,57.48654,"Inverness, Longman Rd",""
-3.30671,57.6413,"Elgin, Edgar Rd","+441343550105 Edgar Rd Ret Pk Edgar Rd Elgin"
-1.53753,54.78128,"Durham, Sunderland Rd","+441913863899 Unit 1, Durham City Retail Pk, Sunderland Rd, Rennys Ln, DURHAM, DH1 2HT."
-0.12668,51.38011,"Croydon, Hesterman Way","+442086495600 "
-3.45937,56.07393,"Dunfermline, Carnegie Drive Ret Pk","+441383621058 Car Park Access"
-4.15261,53.2087,"Bangor, Caernarfon Rd","+441248374311 Car Park Access"
-2.49981,51.44542,"Longwell Green, Aldemoor Way","+441173012000 "
-2.10551,52.79958,"Stafford, Lichfield Rd","+441785253377 "
-3.52779,55.87802,"Livingston, Almondvale South Ret Pk","+441506442200 "
-3.2316,54.11089,"Barrow In Furness, Cornmill Park","+441229871157 Cornmill Crossing"
-2.23349,53.82935,"Nelson, Churchill Way","+441282698008 "
-0.38933,51.52434,"Yeading, Glencoe Rd","+442088392050 "
-2.59854,51.41515,"Bristol, Hartcliffe","+441179473600 Car Access"
-0.18845,51.362,"Sutton, Front Upper Floor Entrance","+442087702500 Sutton Court Rd"
-0.18766,51.36105,"Sutton, Rear Lower Floor Entrance","+442087702500 Sutton Court Rd"
0.10898,51.78205,"Harlow, Oaks Ret Pk","+441279453738 Car Park Access"
-6.34987,54.19078,"Newry, Damolly Ret Pk","+442830257722 "
-4.13661,51.67553,"Llanelli, Trostre South Ret Pk","+441554744999 Car Access"
-3.96208,51.63452,"Swansea, Cwmdu","+441792580262 Carmarthen Rd"
-1.37517,53.08546,"Somercotes, Nottingham Rd","+441773540840 "
0.56981,51.36956,"Gillingham","+441634386050 Will Adams Industrial Est, Gillingham, ME8 6BY"
-2.7237,52.73651,"Shrewsbury",""
0.44499,51.58059,"Basildon, Pipps Hill Ret Pk","+441268534884 Car Park Access"
-0.28291,51.49246,"Chiswick, 2 Larch Dr","+442089958028 "
-1.18161,54.57058,"Middlesbrough, Cleveland Ret Pk","+441642430043 Car Park Access"
-6.06307,54.4924,"Lisburn, Sprucefield Pk","+442892625811 Car Park Access"
-1.10399,52.58394,"Wigston, Bull Head St","+441162881360 "
-3.30828,55.92603,"Edinburgh, Hermiston Gait Ret Pk","+441314583300 Car Access"
-3.09915,55.93215,"Edinburgh, Fort Kinnaird","+441314544900 "
-3.19447,56.1349,"Kirkcaldy, Fife Central Ret Pk","+441592646000 "
-0.6945,53.59025,"Scunthorpe, Gallagher RP","+441724281008 Car Access"
0.29413,51.15764,"Tunbridge Wells, Great Lodge Ret Pk","+441892557556 Car Park Access"
-0.27556,51.52615,"Acton, Western Ave","+442089924005 Car Access"
-0.68442,52.29275,"Wellingborough, Castlefields Ret Pk","+441933275611 London Rd"
-1.14031,52.64888,"Leicester, Blackbird Rd","+441162533100 Access Rd."
-1.41373,52.91499,"Spondon, Megalaughton Ln","+441332678727 "
-2.26234,53.0684,"Talke, Pit Ln","+441782771323 "
-1.42565,53.23096,"Chesterfield, Spire Way","+441246555867 "
0.93407,51.87896,"Colchester, Hythe Quay","+441206790098 "
0.7228,52.40455,"Thetford, Forest Ret Pk","+441842756320 "
-4.69995,55.93789,"Port Glasgow, Gallagher Shopping Pk","+441475747900 "
-2.94203,51.34462,"Weston super Mare, Flower Down Ret Pk ","+441934424343 "
-1.64923,52.8038,"Burton on Trent, Wellington Rd","+441283546545 "
-1.70917,52.62706,"Tamworth, Cardinal Point Ret Pk","+441827308500 "
-0.18281,52.35242,"Huntingdon, Huntingdon Ret Pk",""
-3.76524,56.01023,"Falkirk, Middlefield Ind Est","+441324636152 "
-4.37799,55.90367,"Glasgow, Great Western Ret Pk","+441419491122 "
-0.07605,51.50801,"Copyright PocketGPSWorld.com",""
